ticker,spot,spot_chg_pct,contracts,call_vol,put_vol,pcr_vol,flow_pct,score,signal,premium_traded
EEM,67.37,-1.32,2,20069,12024,0.6,84.4,3,LOW DATA,513296
TLT,77.145,-0.17,13,213698,26233,0.12,36.9,2,BUY CALL,6228819
IGV,109.84,-1.19,1,19612,0,,100.0,2,LOW DATA,2896570
HTZ,2.07,0.49,4,145076,0,,95.3,2,LOW DATA,1826253
XLU,41.15,-0.02,1,24110,0,,100.0,2,LOW DATA,442960
IWM,277.7,-1.29,20,157984,470612,2.98,59.5,1,NEUTRAL,95885977
NVDA,237.47,-0.74,15,277691,129765,0.47,1.4,1,NEUTRAL,57872320
AMZN,259.92,1.42,9,189322,11924,0.06,0.0,1,NEUTRAL,37326418
AAPL,336.67,0.91,9,163354,35252,0.22,0.0,1,NEUTRAL,32844909
EWZ,42.37,-1.47,9,100470,126147,1.26,28.6,1,NEUTRAL,25160782
INTC,113.12,0.55,6,107084,11973,0.11,0.0,1,NEUTRAL,19809382
PLTR,194.12,1.07,5,84665,15496,0.18,0.0,1,NEUTRAL,16301928
MSTR,153.37,-6.79,4,54770,14434,0.26,0.0,1,NEUTRAL,8067070
SPY,777.22,-0.24,64,834992,1079524,1.29,0.8,0,NEUTRAL,280648785
QQQ,757.73,-0.25,35,374458,521039,1.39,4.2,0,NEUTRAL,177982315
SPCX,167.6,-2.51,15,267104,222616,0.83,4.2,0,NEUTRAL,106992778
TSLA,377.81,-0.75,15,172276,118514,0.69,3.7,0,NEUTRAL,93135653
GOOGL,350.5,0.81,2,32639,0,,0.0,0,LOW DATA,6518519
NFLX,69.7,1.47,4,87727,0,,0.0,0,LOW DATA,4964307
KTOS,41.94,-4.05,2,30432,0,,0.0,0,LOW DATA,4448365
UNG,11.03,2.7,1,22902,0,,0.0,0,LOW DATA,3280793
GFL,42.04,-1.13,2,28221,0,,-12.7,0,LOW DATA,2491202
HOOD,109.51,-2.22,1,12540,0,,0.0,0,LOW DATA,1760307
IBIT,47.21,-2.64,5,48663,32501,0.67,-9.6,0,NEUTRAL,1490861
META,721.31,-2.38,1,13462,0,,0.0,0,LOW DATA,1431020
SMCI,44.94,3.41,1,15741,0,,0.0,0,LOW DATA,1387192
SLV,53.82,-2.94,2,25351,0,,0.9,0,LOW DATA,1379350
ORCL,143.56,-0.84,1,12763,0,,0.0,0,LOW DATA,826816
MARA,10.36,-5.56,5,134224,0,,0.0,0,LOW DATA,825639
RKLB,71.92,-4.18,1,15110,0,,0.0,0,LOW DATA,721889
NU,15.58,-0.51,2,47169,0,,-12.0,0,LOW DATA,709516
BMNU,17.99,-11.68,1,11647,0,,0.0,0,LOW DATA,471293
BMNR,24.66,-5.88,1,11672,0,,0.0,0,LOW DATA,387497
ET,20.48,-1.25,1,16984,0,,0.0,0,LOW DATA,262050
AMC,2.88,-2.37,2,0,34927,,0.0,0,LOW DATA,158212
APLD,23.81,-6.04,1,13185,0,,0.0,0,LOW DATA,121900
ASST,28.185,-5.26,1,11809,0,,0.0,0,LOW DATA,108224
MU,1088.0,4.06,4,82579,0,,-32.7,-1,LOW DATA,77472250
XLF,53.75,-0.48,4,131233,79273,0.6,-33.3,-1,NEUTRAL,14149693
BULL,5.89,-19.09,3,31165,18225,0.58,-42.5,-1,NEUTRAL,997887
KRE,68.89,-1.68,2,0,32041,,-100.0,-2,LOW DATA,6535816
HYG,77.18,-0.12,3,63219,84126,1.33,-51.6,-2,BUY PUT,5220623
FIGS,14.06,-0.28,1,0,20707,,-100.0,-2,LOW DATA,3923080
SHOE,12.76,-2.15,1,0,11976,,-100.0,-2,LOW DATA,3355313
SKYD,8.89,-6.72,4,71965,0,,-79.1,-2,LOW DATA,1980638
XP,29.53,-0.67,1,0,70000,,-100.0,-2,LOW DATA,1470000
XLI,167.84,-2.18,1,11857,0,,-100.0,-2,LOW DATA,1427408
PFE,28.0,1.82,1,14804,0,,-100.0,-2,LOW DATA,1326726
RIOT,18.54,-2.06,1,25695,0,,-100.0,-2,LOW DATA,951243
IEF,89.11,-0.02,1,0,15838,,-100.0,-2,LOW DATA,696873
MSOS,4.47,0.45,2,30185,0,,-100.0,-2,LOW DATA,569441
STLA,4.61,0.0,1,0,20170,,-100.0,-2,LOW DATA,463939
SMH,625.03,-1.18,4,13363,61227,4.58,-90.4,-3,STRONG BUY PUT,5536721
SOFI,15.66,-0.63,2,16893,67546,4.0,-92.6,-3,LOW DATA,1776301
